Vehicle ID,Route Sequence,Total Nodes (Excl. Depot)
0,0,0
1,0,0
2,0,0
3,0,0
4,0 -> 49 -> 48 -> 47 -> 46 -> 45 -> 44 -> 43 -> 42 -> 41 -> 40 -> 39 -> 38 -> 37 -> 36 -> 35 -> 34 -> 33 -> 32 -> 31 -> 30 -> 29 -> 28 -> 27 -> 26 -> 25 -> 24 -> 23 -> 22 -> 21 -> 20 -> 19 -> 18 -> 17 -> 16 -> 15 -> 14 -> 13 -> 12 -> 11 -> 10 -> 9 -> 8 -> 7 -> 6 -> 5 -> 4 -> 3 -> 2 -> 1,48
5,0,0
6,0,0
7,0,0
8,0,0
9,0 -> 49 -> 48 -> 47 -> 46 -> 45 -> 44 -> 43 -> 42 -> 41 -> 40 -> 39 -> 38 -> 37 -> 36 -> 35 -> 34 -> 33 -> 32 -> 31 -> 30 -> 29 -> 28 -> 27 -> 26 -> 25 -> 24 -> 23 -> 22 -> 21 -> 20 -> 19 -> 18 -> 17 -> 16 -> 15 -> 14 -> 13 -> 12 -> 11 -> 10 -> 9 -> 8 -> 7 -> 6 -> 5 -> 4 -> 3 -> 2 -> 1,48
10,0,0
11,0,0
12,0,0
13,0,0
14,0 -> 49 -> 48 -> 47 -> 46 -> 45 -> 44 -> 43 -> 42 -> 41 -> 40 -> 39 -> 38 -> 37 -> 36 -> 35 -> 34 -> 33 -> 32 -> 31 -> 30 -> 29 -> 28 -> 27 -> 26 -> 25 -> 24 -> 23 -> 22 -> 21 -> 20 -> 19 -> 18 -> 17 -> 16 -> 15 -> 14 -> 13 -> 12 -> 11 -> 10 -> 9 -> 8 -> 7 -> 6 -> 5 -> 4 -> 3 -> 2 -> 1,48
15,0,0
16,0,0
17,0,0
18,0,0
19,0 -> 49 -> 48 -> 47 -> 46 -> 45 -> 44 -> 43 -> 42 -> 41 -> 40 -> 39 -> 38 -> 37 -> 36 -> 35 -> 34 -> 33 -> 32 -> 31 -> 30 -> 29 -> 28 -> 27 -> 26 -> 25 -> 24 -> 23 -> 22 -> 21 -> 20 -> 19 -> 18 -> 17 -> 16 -> 15 -> 14 -> 13 -> 12 -> 11 -> 10 -> 9 -> 8 -> 7 -> 6 -> 5 -> 4 -> 3 -> 2 -> 1,48
20,0,0
21,0,0
22,0,0
23,0,0
24,0 -> 49 -> 48 -> 47 -> 46 -> 45 -> 44 -> 43 -> 42 -> 41 -> 40 -> 39 -> 38 -> 37 -> 36 -> 35 -> 34 -> 33 -> 32 -> 31 -> 30 -> 29 -> 28 -> 27 -> 26 -> 25 -> 24 -> 23 -> 22 -> 21 -> 20 -> 19 -> 18 -> 17 -> 16 -> 15 -> 14 -> 13 -> 12 -> 11 -> 10 -> 9 -> 8 -> 7 -> 6 -> 5 -> 4 -> 3 -> 2 -> 1,48
25,0,0
26,0,0
27,0,0
28,0,0
29,0 -> 49 -> 48 -> 47 -> 46 -> 45 -> 44 -> 43 -> 42 -> 41 -> 40 -> 39 -> 38 -> 37 -> 36 -> 35 -> 34 -> 33 -> 32 -> 31 -> 30 -> 29 -> 28 -> 27 -> 26 -> 25 -> 24 -> 23 -> 22 -> 21 -> 20 -> 19 -> 18 -> 17 -> 16 -> 15 -> 14 -> 13 -> 12 -> 11 -> 10 -> 9 -> 8 -> 7 -> 6 -> 5 -> 4 -> 3 -> 2 -> 1,48
30,0,0
31,0,0
32,0,0
33,0,0
34,0 -> 49 -> 48 -> 47 -> 46 -> 45 -> 44 -> 43 -> 42 -> 41 -> 40 -> 39 -> 38 -> 37 -> 36 -> 35 -> 34 -> 33 -> 32 -> 31 -> 30 -> 29 -> 28 -> 27 -> 26 -> 25 -> 24 -> 23 -> 22 -> 21 -> 20 -> 19 -> 18 -> 17 -> 16 -> 15 -> 14 -> 13 -> 12 -> 11 -> 10 -> 9 -> 8 -> 7 -> 6 -> 5 -> 4 -> 3 -> 2 -> 1,48
35,0,0
36,0,0
37,0,0
38,0,0
39,0 -> 49 -> 48 -> 47 -> 46 -> 45 -> 44 -> 43 -> 42 -> 41 -> 40 -> 39 -> 38 -> 37 -> 36 -> 35 -> 34 -> 33 -> 32 -> 31 -> 30 -> 29 -> 28 -> 27 -> 26 -> 25 -> 24 -> 23 -> 22 -> 21 -> 20 -> 19 -> 18 -> 17 -> 16 -> 15 -> 14 -> 13 -> 12 -> 11 -> 10 -> 9 -> 8 -> 7 -> 6 -> 5 -> 4 -> 3 -> 2 -> 1,48
40,0,0
41,0,0
42,0,0
43,0,0
44,0 -> 49 -> 48 -> 47 -> 46 -> 45 -> 44 -> 43 -> 42 -> 41 -> 40 -> 39 -> 38 -> 37 -> 36 -> 35 -> 34 -> 33 -> 32 -> 31 -> 30 -> 29 -> 28 -> 27 -> 26 -> 25 -> 24 -> 23 -> 22 -> 21 -> 20 -> 19 -> 18 -> 17 -> 16 -> 15 -> 14 -> 13 -> 12 -> 11 -> 10 -> 9 -> 8 -> 7 -> 6 -> 5 -> 4 -> 3 -> 2 -> 1,48
45,0,0
46,0,0
47,0,0
48,0,0
49,0 -> 49 -> 48 -> 47 -> 46 -> 45 -> 44 -> 43 -> 42 -> 41 -> 40 -> 39 -> 38 -> 37 -> 36 -> 35 -> 34 -> 33 -> 32 -> 31 -> 30 -> 29 -> 28 -> 27 -> 26 -> 25 -> 24 -> 23 -> 22 -> 21 -> 20 -> 19 -> 18 -> 17 -> 16 -> 15 -> 14 -> 13 -> 12 -> 11 -> 10 -> 9 -> 8 -> 7 -> 6 -> 5 -> 4 -> 3 -> 2 -> 1,48
50,0,0
51,0,0
52,0,0
53,0,0
54,0 -> 49 -> 48 -> 47 -> 46 -> 45 -> 44 -> 43 -> 42 -> 41 -> 40 -> 39 -> 38 -> 37 -> 36 -> 35 -> 34 -> 33 -> 32 -> 31 -> 30 -> 29 -> 28 -> 27 -> 26 -> 25 -> 24 -> 23 -> 22 -> 21 -> 20 -> 19 -> 18 -> 17 -> 16 -> 15 -> 14 -> 13 -> 12 -> 11 -> 10 -> 9 -> 8 -> 7 -> 6 -> 5 -> 4 -> 3 -> 2 -> 1,48
55,0,0
56,0,0
57,0,0
58,0,0
59,0 -> 49 -> 48 -> 47 -> 46 -> 45 -> 44 -> 43 -> 42 -> 41 -> 40 -> 39 -> 38 -> 37 -> 36 -> 35 -> 34 -> 33 -> 32 -> 31 -> 30 -> 29 -> 28 -> 27 -> 26 -> 25 -> 24 -> 23 -> 22 -> 21 -> 20 -> 19 -> 18 -> 17 -> 16 -> 15 -> 14 -> 13 -> 12 -> 11 -> 10 -> 9 -> 8 -> 7 -> 6 -> 5 -> 4 -> 3 -> 2 -> 1,48
60,0,0
61,0,0
62,0,0
63,0,0
64,0 -> 49 -> 48 -> 47 -> 46 -> 45 -> 44 -> 43 -> 42 -> 41 -> 40 -> 39 -> 38 -> 37 -> 36 -> 35 -> 34 -> 33 -> 32 -> 31 -> 30 -> 29 -> 28 -> 27 -> 26 -> 25 -> 24 -> 23 -> 22 -> 21 -> 20 -> 19 -> 18 -> 17 -> 16 -> 15 -> 14 -> 13 -> 12 -> 11 -> 10 -> 9 -> 8 -> 7 -> 6 -> 5 -> 4 -> 3 -> 2 -> 1,48
65,0,0
66,0,0
67,0,0
68,0,0
69,0 -> 49 -> 48 -> 47 -> 46 -> 45 -> 44 -> 43 -> 42 -> 41 -> 40 -> 39 -> 38 -> 37 -> 36 -> 35 -> 34 -> 33 -> 32 -> 31 -> 30 -> 29 -> 28 -> 27 -> 26 -> 25 -> 24 -> 23 -> 22 -> 21 -> 20 -> 19 -> 18 -> 17 -> 16 -> 15 -> 14 -> 13 -> 12 -> 11 -> 10 -> 9 -> 8 -> 7 -> 6 -> 5 -> 4 -> 3 -> 2 -> 1,48
70,0,0
71,0,0
72,0,0
73,0,0
74,0 -> 49 -> 48 -> 47 -> 46 -> 45 -> 44 -> 43 -> 42 -> 41 -> 40 -> 39 -> 38 -> 37 -> 36 -> 35 -> 34 -> 33 -> 32 -> 31 -> 30 -> 29 -> 28 -> 27 -> 26 -> 25 -> 24 -> 23 -> 22 -> 21 -> 20 -> 19 -> 18 -> 17 -> 16 -> 15 -> 14 -> 13 -> 12 -> 11 -> 10 -> 9 -> 8 -> 7 -> 6 -> 5 -> 4 -> 3 -> 2 -> 1,48
75,0,0
76,0,0
77,0,0
78,0,0
79,0 -> 49 -> 48 -> 47 -> 46 -> 45 -> 44 -> 43 -> 42 -> 41 -> 40 -> 39 -> 38 -> 37 -> 36 -> 35 -> 34 -> 33 -> 32 -> 31 -> 30 -> 29 -> 28 -> 27 -> 26 -> 25 -> 24 -> 23 -> 22 -> 21 -> 20 -> 19 -> 18 -> 17 -> 16 -> 15 -> 14 -> 13 -> 12 -> 11 -> 10 -> 9 -> 8 -> 7 -> 6 -> 5 -> 4 -> 3 -> 2 -> 1,48
80,0,0
81,0,0
82,0,0
83,0,0
84,0 -> 49 -> 48 -> 47 -> 46 -> 45 -> 44 -> 43 -> 42 -> 41 -> 40 -> 39 -> 38 -> 37 -> 36 -> 35 -> 34 -> 33 -> 32 -> 31 -> 30 -> 29 -> 28 -> 27 -> 26 -> 25 -> 24 -> 23 -> 22 -> 21 -> 20 -> 19 -> 18 -> 17 -> 16 -> 15 -> 14 -> 13 -> 12 -> 11 -> 10 -> 9 -> 8 -> 7 -> 6 -> 5 -> 4 -> 3 -> 2 -> 1,48
85,0,0
86,0,0
87,0,0
88,0,0
89,0 -> 49 -> 48 -> 47 -> 46 -> 45 -> 44 -> 43 -> 42 -> 41 -> 40 -> 39 -> 38 -> 37 -> 36 -> 35 -> 34 -> 33 -> 32 -> 31 -> 30 -> 29 -> 28 -> 27 -> 26 -> 25 -> 24 -> 23 -> 22 -> 21 -> 20 -> 19 -> 18 -> 17 -> 16 -> 15 -> 14 -> 13 -> 12 -> 11 -> 10 -> 9 -> 8 -> 7 -> 6 -> 5 -> 4 -> 3 -> 2 -> 1,48
90,0,0
91,0,0
92,0,0
93,0,0
94,0 -> 49 -> 48 -> 47 -> 46 -> 45 -> 44 -> 43 -> 42 -> 41 -> 40 -> 39 -> 38 -> 37 -> 36 -> 35 -> 34 -> 33 -> 32 -> 31 -> 30 -> 29 -> 28 -> 27 -> 26 -> 25 -> 24 -> 23 -> 22 -> 21 -> 20 -> 19 -> 18 -> 17 -> 16 -> 15 -> 14 -> 13 -> 12 -> 11 -> 10 -> 9 -> 8 -> 7 -> 6 -> 5 -> 4 -> 3 -> 2 -> 1,48
95,0,0
96,0,0
97,0,0
98,0,0
99,0 -> 49 -> 48 -> 47 -> 46 -> 45 -> 44 -> 43 -> 42 -> 41 -> 40 -> 39 -> 38 -> 37 -> 36 -> 35 -> 34 -> 33 -> 32 -> 31 -> 30 -> 29 -> 28 -> 27 -> 26 -> 25 -> 24 -> 23 -> 22 -> 21 -> 20 -> 19 -> 18 -> 17 -> 16 -> 15 -> 14 -> 13 -> 12 -> 11 -> 10 -> 9 -> 8 -> 7 -> 6 -> 5 -> 4 -> 3 -> 2 -> 1,48
100,0,0
101,0,0
102,0,0
103,0,0
104,0 -> 49 -> 48 -> 47 -> 46 -> 45 -> 44 -> 43 -> 42 -> 41 -> 40 -> 39 -> 38 -> 37 -> 36 -> 35 -> 34 -> 33 -> 32 -> 31 -> 30 -> 29 -> 28 -> 27 -> 26 -> 25 -> 24 -> 23 -> 22 -> 21 -> 20 -> 19 -> 18 -> 17 -> 16 -> 15 -> 14 -> 13 -> 12 -> 11 -> 10 -> 9 -> 8 -> 7 -> 6 -> 5 -> 4 -> 3 -> 2 -> 1,48
105,0,0
106,0,0
107,0,0
108,0,0
109,0 -> 49 -> 48 -> 47 -> 46 -> 45 -> 44 -> 43 -> 42 -> 41 -> 40 -> 39 -> 38 -> 37 -> 36 -> 35 -> 34 -> 33 -> 32 -> 31 -> 30 -> 29 -> 28 -> 27 -> 26 -> 25 -> 24 -> 23 -> 22 -> 21 -> 20 -> 19 -> 18 -> 17 -> 16 -> 15 -> 14 -> 13 -> 12 -> 11 -> 10 -> 9 -> 8 -> 7 -> 6 -> 5 -> 4 -> 3 -> 2 -> 1,48
110,0,0
111,0,0
112,0,0
113,0,0
114,0 -> 49 -> 48 -> 47 -> 46 -> 45 -> 44 -> 43 -> 42 -> 41 -> 40 -> 39 -> 38 -> 37 -> 36 -> 35 -> 34 -> 33 -> 32 -> 31 -> 30 -> 29 -> 28 -> 27 -> 26 -> 25 -> 24 -> 23 -> 22 -> 21 -> 20 -> 19 -> 18 -> 17 -> 16 -> 15 -> 14 -> 13 -> 12 -> 11 -> 10 -> 9 -> 8 -> 7 -> 6 -> 5 -> 4 -> 3 -> 2 -> 1,48
115,0,0
116,0,0
117,0,0
118,0,0
119,0 -> 49 -> 48 -> 47 -> 46 -> 45 -> 44 -> 43 -> 42 -> 41 -> 40 -> 39 -> 38 -> 37 -> 36 -> 35 -> 34 -> 33 -> 32 -> 31 -> 30 -> 29 -> 28 -> 27 -> 26 -> 25 -> 24 -> 23 -> 22 -> 21 -> 20 -> 19 -> 18 -> 17 -> 16 -> 15 -> 14 -> 13 -> 12 -> 11 -> 10 -> 9 -> 8 -> 7 -> 6 -> 5 -> 4 -> 3 -> 2 -> 1,48
120,0,0
121,0,0
122,0,0
123,0,0
124,0 -> 49 -> 48 -> 47 -> 46 -> 45 -> 44 -> 43 -> 42 -> 41 -> 40 -> 39 -> 38 -> 37 -> 36 -> 35 -> 34 -> 33 -> 32 -> 31 -> 30 -> 29 -> 28 -> 27 -> 26 -> 25 -> 24 -> 23 -> 22 -> 21 -> 20 -> 19 -> 18 -> 17 -> 16 -> 15 -> 14 -> 13 -> 12 -> 11 -> 10 -> 9 -> 8 -> 7 -> 6 -> 5 -> 4 -> 3 -> 2 -> 1,48
125,0,0
126,0,0
127,0,0
128,0,0
129,0 -> 49 -> 48 -> 47 -> 46 -> 45 -> 44 -> 43 -> 42 -> 41 -> 40 -> 39 -> 38 -> 37 -> 36 -> 35 -> 34 -> 33 -> 32 -> 31 -> 30 -> 29 -> 28 -> 27 -> 26 -> 25 -> 24 -> 23 -> 22 -> 21 -> 20 -> 19 -> 18 -> 17 -> 16 -> 15 -> 14 -> 13 -> 12 -> 11 -> 10 -> 9 -> 8 -> 7 -> 6 -> 5 -> 4 -> 3 -> 2 -> 1,48
130,0,0
131,0,0
132,0,0
133,0,0
134,0 -> 49 -> 48 -> 47 -> 46 -> 45 -> 44 -> 43 -> 42 -> 41 -> 40 -> 39 -> 38 -> 37 -> 36 -> 35 -> 34 -> 33 -> 32 -> 31 -> 30 -> 29 -> 28 -> 27 -> 26 -> 25 -> 24 -> 23 -> 22 -> 21 -> 20 -> 19 -> 18 -> 17 -> 16 -> 15 -> 14 -> 13 -> 12 -> 11 -> 10 -> 9 -> 8 -> 7 -> 6 -> 5 -> 4 -> 3 -> 2 -> 1,48
135,0,0
136,0,0
137,0,0
138,0,0
139,0 -> 49 -> 48 -> 47 -> 46 -> 45 -> 44 -> 43 -> 42 -> 41 -> 40 -> 39 -> 38 -> 37 -> 36 -> 35 -> 34 -> 33 -> 32 -> 31 -> 30 -> 29 -> 28 -> 27 -> 26 -> 25 -> 24 -> 23 -> 22 -> 21 -> 20 -> 19 -> 18 -> 17 -> 16 -> 15 -> 14 -> 13 -> 12 -> 11 -> 10 -> 9 -> 8 -> 7 -> 6 -> 5 -> 4 -> 3 -> 2 -> 1,48
140,0,0
141,0,0
142,0,0
143,0,0
144,0 -> 49 -> 48 -> 47 -> 46 -> 45 -> 44 -> 43 -> 42 -> 41 -> 40 -> 39 -> 38 -> 37 -> 36 -> 35 -> 34 -> 33 -> 32 -> 31 -> 30 -> 29 -> 28 -> 27 -> 26 -> 25 -> 24 -> 23 -> 22 -> 21 -> 20 -> 19 -> 18 -> 17 -> 16 -> 15 -> 14 -> 13 -> 12 -> 11 -> 10 -> 9 -> 8 -> 7 -> 6 -> 5 -> 4 -> 3 -> 2 -> 1,48
145,0,0
146,0,0
147,0,0
148,0,0
149,0 -> 49 -> 48 -> 47 -> 46 -> 45 -> 44 -> 43 -> 42 -> 41 -> 40 -> 39 -> 38 -> 37 -> 36 -> 35 -> 34 -> 33 -> 32 -> 31 -> 30 -> 29 -> 28 -> 27 -> 26 -> 25 -> 24 -> 23 -> 22 -> 21 -> 20 -> 19 -> 18 -> 17 -> 16 -> 15 -> 14 -> 13 -> 12 -> 11 -> 10 -> 9 -> 8 -> 7 -> 6 -> 5 -> 4 -> 3 -> 2 -> 1,48
150,0,0
151,0,0
152,0,0
153,0,0
154,0 -> 49 -> 48 -> 47 -> 46 -> 45 -> 44 -> 43 -> 42 -> 41 -> 40 -> 39 -> 38 -> 37 -> 36 -> 35 -> 34 -> 33 -> 32 -> 31 -> 30 -> 29 -> 28 -> 27 -> 26 -> 25 -> 24 -> 23 -> 22 -> 21 -> 20 -> 19 -> 18 -> 17 -> 16 -> 15 -> 14 -> 13 -> 12 -> 11 -> 10 -> 9 -> 8 -> 7 -> 6 -> 5 -> 4 -> 3 -> 2 -> 1,48
155,0,0
156,0,0
157,0,0
158,0,0
159,0 -> 49 -> 48 -> 47 -> 46 -> 45 -> 44 -> 43 -> 42 -> 41 -> 40 -> 39 -> 38 -> 37 -> 36 -> 35 -> 34 -> 33 -> 32 -> 31 -> 30 -> 29 -> 28 -> 27 -> 26 -> 25 -> 24 -> 23 -> 22 -> 21 -> 20 -> 19 -> 18 -> 17 -> 16 -> 15 -> 14 -> 13 -> 12 -> 11 -> 10 -> 9 -> 8 -> 7 -> 6 -> 5 -> 4 -> 3 -> 2 -> 1,48
160,0,0
161,0,0
162,0,0
163,0,0
164,0 -> 49 -> 48 -> 47 -> 46 -> 45 -> 44 -> 43 -> 42 -> 41 -> 40 -> 39 -> 38 -> 37 -> 36 -> 35 -> 34 -> 33 -> 32 -> 31 -> 30 -> 29 -> 28 -> 27 -> 26 -> 25 -> 24 -> 23 -> 22 -> 21 -> 20 -> 19 -> 18 -> 17 -> 16 -> 15 -> 14 -> 13 -> 12 -> 11 -> 10 -> 9 -> 8 -> 7 -> 6 -> 5 -> 4 -> 3 -> 2 -> 1,48
165,0,0
166,0,0
167,0,0
168,0,0
169,0 -> 49 -> 48 -> 47 -> 46 -> 45 -> 44 -> 43 -> 42 -> 41 -> 40 -> 39 -> 38 -> 37 -> 36 -> 35 -> 34 -> 33 -> 32 -> 31 -> 30 -> 29 -> 28 -> 27 -> 26 -> 25 -> 24 -> 23 -> 22 -> 21 -> 20 -> 19 -> 18 -> 17 -> 16 -> 15 -> 14 -> 13 -> 12 -> 11 -> 10 -> 9 -> 8 -> 7 -> 6 -> 5 -> 4 -> 3 -> 2 -> 1,48
170,0,0
171,0,0
172,0,0
173,0,0
174,0 -> 49 -> 48 -> 47 -> 46 -> 45 -> 44 -> 43 -> 42 -> 41 -> 40 -> 39 -> 38 -> 37 -> 36 -> 35 -> 34 -> 33 -> 32 -> 31 -> 30 -> 29 -> 28 -> 27 -> 26 -> 25 -> 24 -> 23 -> 22 -> 21 -> 20 -> 19 -> 18 -> 17 -> 16 -> 15 -> 14 -> 13 -> 12 -> 11 -> 10 -> 9 -> 8 -> 7 -> 6 -> 5 -> 4 -> 3 -> 2 -> 1,48
175,0,0
176,0,0
177,0,0
178,0,0
179,0 -> 49 -> 48 -> 47 -> 46 -> 45 -> 44 -> 43 -> 42 -> 41 -> 40 -> 39 -> 38 -> 37 -> 36 -> 35 -> 34 -> 33 -> 32 -> 31 -> 30 -> 29 -> 28 -> 27 -> 26 -> 25 -> 24 -> 23 -> 22 -> 21 -> 20 -> 19 -> 18 -> 17 -> 16 -> 15 -> 14 -> 13 -> 12 -> 11 -> 10 -> 9 -> 8 -> 7 -> 6 -> 5 -> 4 -> 3 -> 2 -> 1,48
180,0,0
181,0,0
182,0,0
183,0,0
184,0 -> 49 -> 48 -> 47 -> 46 -> 45 -> 44 -> 43 -> 42 -> 41 -> 40 -> 39 -> 38 -> 37 -> 36 -> 35 -> 34 -> 33 -> 32 -> 31 -> 30 -> 29 -> 28 -> 27 -> 26 -> 25 -> 24 -> 23 -> 22 -> 21 -> 20 -> 19 -> 18 -> 17 -> 16 -> 15 -> 14 -> 13 -> 12 -> 11 -> 10 -> 9 -> 8 -> 7 -> 6 -> 5 -> 4 -> 3 -> 2 -> 1,48
185,0,0
186,0,0
187,0,0
188,0,0
189,0 -> 49 -> 48 -> 47 -> 46 -> 45 -> 44 -> 43 -> 42 -> 41 -> 40 -> 39 -> 38 -> 37 -> 36 -> 35 -> 34 -> 33 -> 32 -> 31 -> 30 -> 29 -> 28 -> 27 -> 26 -> 25 -> 24 -> 23 -> 22 -> 21 -> 20 -> 19 -> 18 -> 17 -> 16 -> 15 -> 14 -> 13 -> 12 -> 11 -> 10 -> 9 -> 8 -> 7 -> 6 -> 5 -> 4 -> 3 -> 2 -> 1,48
190,0,0
191,0,0
192,0,0
193,0,0
194,0 -> 49 -> 48 -> 47 -> 46 -> 45 -> 44 -> 43 -> 42 -> 41 -> 40 -> 39 -> 38 -> 37 -> 36 -> 35 -> 34 -> 33 -> 32 -> 31 -> 30 -> 29 -> 28 -> 27 -> 26 -> 25 -> 24 -> 23 -> 22 -> 21 -> 20 -> 19 -> 18 -> 17 -> 16 -> 15 -> 14 -> 13 -> 12 -> 11 -> 10 -> 9 -> 8 -> 7 -> 6 -> 5 -> 4 -> 3 -> 2 -> 1,48
195,0,0
196,0,0
197,0,0
198,0,0
199,0 -> 49 -> 48 -> 47 -> 46 -> 45 -> 44 -> 43 -> 42 -> 41 -> 40 -> 39 -> 38 -> 37 -> 36 -> 35 -> 34 -> 33 -> 32 -> 31 -> 30 -> 29 -> 28 -> 27 -> 26 -> 25 -> 24 -> 23 -> 22 -> 21 -> 20 -> 19 -> 18 -> 17 -> 16 -> 15 -> 14 -> 13 -> 12 -> 11 -> 10 -> 9 -> 8 -> 7 -> 6 -> 5 -> 4 -> 3 -> 2 -> 1,48
200,0,0
201,0,0
202,0,0
203,0,0
204,0 -> 49 -> 48 -> 47 -> 46 -> 45 -> 44 -> 43 -> 42 -> 41 -> 40 -> 39 -> 38 -> 37 -> 36 -> 35 -> 34 -> 33 -> 32 -> 31 -> 30 -> 29 -> 28 -> 27 -> 26 -> 25 -> 24 -> 23 -> 22 -> 21 -> 20 -> 19 -> 18 -> 17 -> 16 -> 15 -> 14 -> 13 -> 12 -> 11 -> 10 -> 9 -> 8 -> 7 -> 6 -> 5 -> 4 -> 3 -> 2 -> 1,48
205,0,0
206,0,0
207,0,0
208,0,0
209,0 -> 49 -> 48 -> 47 -> 46 -> 45 -> 44 -> 43 -> 42 -> 41 -> 40 -> 39 -> 38 -> 37 -> 36 -> 35 -> 34 -> 33 -> 32 -> 31 -> 30 -> 29 -> 28 -> 27 -> 26 -> 25 -> 24 -> 23 -> 22 -> 21 -> 20 -> 19 -> 18 -> 17 -> 16 -> 15 -> 14 -> 13 -> 12 -> 11 -> 10 -> 9 -> 8 -> 7 -> 6 -> 5 -> 4 -> 3 -> 2 -> 1,48
210,0,0
211,0,0
212,0,0
213,0,0
214,0 -> 49 -> 48 -> 47 -> 46 -> 45 -> 44 -> 43 -> 42 -> 41 -> 40 -> 39 -> 38 -> 37 -> 36 -> 35 -> 34 -> 33 -> 32 -> 31 -> 30 -> 29 -> 28 -> 27 -> 26 -> 25 -> 24 -> 23 -> 22 -> 21 -> 20 -> 19 -> 18 -> 17 -> 16 -> 15 -> 14 -> 13 -> 12 -> 11 -> 10 -> 9 -> 8 -> 7 -> 6 -> 5 -> 4 -> 3 -> 2 -> 1,48
215,0,0
216,0,0
217,0,0
218,0,0
219,0 -> 49 -> 48 -> 47 -> 46 -> 45 -> 44 -> 43 -> 42 -> 41 -> 40 -> 39 -> 38 -> 37 -> 36 -> 35 -> 34 -> 33 -> 32 -> 31 -> 30 -> 29 -> 28 -> 27 -> 26 -> 25 -> 24 -> 23 -> 22 -> 21 -> 20 -> 19 -> 18 -> 17 -> 16 -> 15 -> 14 -> 13 -> 12 -> 11 -> 10 -> 9 -> 8 -> 7 -> 6 -> 5 -> 4 -> 3 -> 2 -> 1,48
220,0,0
221,0,0
222,0,0
223,0,0
224,0 -> 49 -> 48 -> 47 -> 46 -> 45 -> 44 -> 43 -> 42 -> 41 -> 40 -> 39 -> 38 -> 37 -> 36 -> 35 -> 34 -> 33 -> 32 -> 31 -> 30 -> 29 -> 28 -> 27 -> 26 -> 25 -> 24 -> 23 -> 22 -> 21 -> 20 -> 19 -> 18 -> 17 -> 16 -> 15 -> 14 -> 13 -> 12 -> 11 -> 10 -> 9 -> 8 -> 7 -> 6 -> 5 -> 4 -> 3 -> 2 -> 1,48
225,0,0
226,0,0
227,0,0
228,0,0
229,0 -> 49 -> 48 -> 47 -> 46 -> 45 -> 44 -> 43 -> 42 -> 41 -> 40 -> 39 -> 38 -> 37 -> 36 -> 35 -> 34 -> 33 -> 32 -> 31 -> 30 -> 29 -> 28 -> 27 -> 26 -> 25 -> 24 -> 23 -> 22 -> 21 -> 20 -> 19 -> 18 -> 17 -> 16 -> 15 -> 14 -> 13 -> 12 -> 11 -> 10 -> 9 -> 8 -> 7 -> 6 -> 5 -> 4 -> 3 -> 2 -> 1,48
230,0,0
231,0,0
232,0,0
233,0,0
234,0 -> 49 -> 48 -> 47 -> 46 -> 45 -> 44 -> 43 -> 42 -> 41 -> 40 -> 39 -> 38 -> 37 -> 36 -> 35 -> 34 -> 33 -> 32 -> 31 -> 30 -> 29 -> 28 -> 27 -> 26 -> 25 -> 24 -> 23 -> 22 -> 21 -> 20 -> 19 -> 18 -> 17 -> 16 -> 15 -> 14 -> 13 -> 12 -> 11 -> 10 -> 9 -> 8 -> 7 -> 6 -> 5 -> 4 -> 3 -> 2 -> 1,48
235,0,0
236,0,0
237,0,0
238,0,0
239,0 -> 49 -> 48 -> 47 -> 46 -> 45 -> 44 -> 43 -> 42 -> 41 -> 40 -> 39 -> 38 -> 37 -> 36 -> 35 -> 34 -> 33 -> 32 -> 31 -> 30 -> 29 -> 28 -> 27 -> 26 -> 25 -> 24 -> 23 -> 22 -> 21 -> 20 -> 19 -> 18 -> 17 -> 16 -> 15 -> 14 -> 13 -> 12 -> 11 -> 10 -> 9 -> 8 -> 7 -> 6 -> 5 -> 4 -> 3 -> 2 -> 1,48
240,0,0
241,0,0
242,0,0
243,0,0
244,0 -> 49 -> 48 -> 47 -> 46 -> 45 -> 44 -> 43 -> 42 -> 41 -> 40 -> 39 -> 38 -> 37 -> 36 -> 35 -> 34 -> 33 -> 32 -> 31 -> 30 -> 29 -> 28 -> 27 -> 26 -> 25 -> 24 -> 23 -> 22 -> 21 -> 20 -> 19 -> 18 -> 17 -> 16 -> 15 -> 14 -> 13 -> 12 -> 11 -> 10 -> 9 -> 8 -> 7 -> 6 -> 5 -> 4 -> 3 -> 2 -> 1,48
245,0,0
246,0,0
247,0,0
248,0,0
249,0 -> 49 -> 48 -> 47 -> 46 -> 45 -> 44 -> 43 -> 42 -> 41 -> 40 -> 39 -> 38 -> 37 -> 36 -> 35 -> 34 -> 33 -> 32 -> 31 -> 30 -> 29 -> 28 -> 27 -> 26 -> 25 -> 24 -> 23 -> 22 -> 21 -> 20 -> 19 -> 18 -> 17 -> 16 -> 15 -> 14 -> 13 -> 12 -> 11 -> 10 -> 9 -> 8 -> 7 -> 6 -> 5 -> 4 -> 3 -> 2 -> 1,48
250,0,0
251,0,0
252,0,0
253,0,0
254,0 -> 49 -> 48 -> 47 -> 46 -> 45 -> 44 -> 43 -> 42 -> 41 -> 40 -> 39 -> 38 -> 37 -> 36 -> 35 -> 34 -> 33 -> 32 -> 31 -> 30 -> 29 -> 28 -> 27 -> 26 -> 25 -> 24 -> 23 -> 22 -> 21 -> 20 -> 19 -> 18 -> 17 -> 16 -> 15 -> 14 -> 13 -> 12 -> 11 -> 10 -> 9 -> 8 -> 7 -> 6 -> 5 -> 4 -> 3 -> 2 -> 1,48
255,0,0
256,0,0
257,0,0
258,0,0
259,0 -> 49 -> 48 -> 47 -> 46 -> 45 -> 44 -> 43 -> 42 -> 41 -> 40 -> 39 -> 38 -> 37 -> 36 -> 35 -> 34 -> 33 -> 32 -> 31 -> 30 -> 29 -> 28 -> 27 -> 26 -> 25 -> 24 -> 23 -> 22 -> 21 -> 20 -> 19 -> 18 -> 17 -> 16 -> 15 -> 14 -> 13 -> 12 -> 11 -> 10 -> 9 -> 8 -> 7 -> 6 -> 5 -> 4 -> 3 -> 2 -> 1,48
260,0,0
261,0,0
262,0,0
263,0,0
264,0 -> 49 -> 48 -> 47 -> 46 -> 45 -> 44 -> 43 -> 42 -> 41 -> 40 -> 39 -> 38 -> 37 -> 36 -> 35 -> 34 -> 33 -> 32 -> 31 -> 30 -> 29 -> 28 -> 27 -> 26 -> 25 -> 24 -> 23 -> 22 -> 21 -> 20 -> 19 -> 18 -> 17 -> 16 -> 15 -> 14 -> 13 -> 12 -> 11 -> 10 -> 9 -> 8 -> 7 -> 6 -> 5 -> 4 -> 3 -> 2 -> 1,48
265,0,0
266,0,0
267,0,0
268,0,0
269,0 -> 49 -> 48 -> 47 -> 46 -> 45 -> 44 -> 43 -> 42 -> 41 -> 40 -> 39 -> 38 -> 37 -> 36 -> 35 -> 34 -> 33 -> 32 -> 31 -> 30 -> 29 -> 28 -> 27 -> 26 -> 25 -> 24 -> 23 -> 22 -> 21 -> 20 -> 19 -> 18 -> 17 -> 16 -> 15 -> 14 -> 13 -> 12 -> 11 -> 10 -> 9 -> 8 -> 7 -> 6 -> 5 -> 4 -> 3 -> 2 -> 1,48
270,0,0
271,0,0
272,0,0
273,0,0
274,0 -> 49 -> 48 -> 47 -> 46 -> 45 -> 44 -> 43 -> 42 -> 41 -> 40 -> 39 -> 38 -> 37 -> 36 -> 35 -> 34 -> 33 -> 32 -> 31 -> 30 -> 29 -> 28 -> 27 -> 26 -> 25 -> 24 -> 23 -> 22 -> 21 -> 20 -> 19 -> 18 -> 17 -> 16 -> 15 -> 14 -> 13 -> 12 -> 11 -> 10 -> 9 -> 8 -> 7 -> 6 -> 5 -> 4 -> 3 -> 2 -> 1,48
275,0,0
276,0,0
277,0,0
278,0,0
279,0 -> 49 -> 48 -> 47 -> 46 -> 45 -> 44 -> 43 -> 42 -> 41 -> 40 -> 39 -> 38 -> 37 -> 36 -> 35 -> 34 -> 33 -> 32 -> 31 -> 30 -> 29 -> 28 -> 27 -> 26 -> 25 -> 24 -> 23 -> 22 -> 21 -> 20 -> 19 -> 18 -> 17 -> 16 -> 15 -> 14 -> 13 -> 12 -> 11 -> 10 -> 9 -> 8 -> 7 -> 6 -> 5 -> 4 -> 3 -> 2 -> 1,48
280,0,0
281,0,0
282,0,0
283,0,0
284,0 -> 49 -> 48 -> 47 -> 46 -> 45 -> 44 -> 43 -> 42 -> 41 -> 40 -> 39 -> 38 -> 37 -> 36 -> 35 -> 34 -> 33 -> 32 -> 31 -> 30 -> 29 -> 28 -> 27 -> 26 -> 25 -> 24 -> 23 -> 22 -> 21 -> 20 -> 19 -> 18 -> 17 -> 16 -> 15 -> 14 -> 13 -> 12 -> 11 -> 10 -> 9 -> 8 -> 7 -> 6 -> 5 -> 4 -> 3 -> 2 -> 1,48
285,0,0
286,0,0
287,0,0
288,0,0
289,0 -> 49 -> 48 -> 47 -> 46 -> 45 -> 44 -> 43 -> 42 -> 41 -> 40 -> 39 -> 38 -> 37 -> 36 -> 35 -> 34 -> 33 -> 32 -> 31 -> 30 -> 29 -> 28 -> 27 -> 26 -> 25 -> 24 -> 23 -> 22 -> 21 -> 20 -> 19 -> 18 -> 17 -> 16 -> 15 -> 14 -> 13 -> 12 -> 11 -> 10 -> 9 -> 8 -> 7 -> 6 -> 5 -> 4 -> 3 -> 2 -> 1,48
290,0,0
291,0,0
292,0,0
293,0,0
294,0 -> 49 -> 48 -> 47 -> 46 -> 45 -> 44 -> 43 -> 42 -> 41 -> 40 -> 39 -> 38 -> 37 -> 36 -> 35 -> 34 -> 33 -> 32 -> 31 -> 30 -> 29 -> 28 -> 27 -> 26 -> 25 -> 24 -> 23 -> 22 -> 21 -> 20 -> 19 -> 18 -> 17 -> 16 -> 15 -> 14 -> 13 -> 12 -> 11 -> 10 -> 9 -> 8 -> 7 -> 6 -> 5 -> 4 -> 3 -> 2 -> 1,48
295,0,0
296,0,0
297,0,0
298,0,0
299,0 -> 49 -> 48 -> 47 -> 46 -> 45 -> 44 -> 43 -> 42 -> 41 -> 40 -> 39 -> 38 -> 37 -> 36 -> 35 -> 34 -> 33 -> 32 -> 31 -> 30 -> 29 -> 28 -> 27 -> 26 -> 25 -> 24 -> 23 -> 22 -> 21 -> 20 -> 19 -> 18 -> 17 -> 16 -> 15 -> 14 -> 13 -> 12 -> 11 -> 10 -> 9 -> 8 -> 7 -> 6 -> 5 -> 4 -> 3 -> 2 -> 1,48
300,0,0
301,0,0
302,0,0
303,0,0
304,0 -> 49 -> 48 -> 47 -> 46 -> 45 -> 44 -> 43 -> 42 -> 41 -> 40 -> 39 -> 38 -> 37 -> 36 -> 35 -> 34 -> 33 -> 32 -> 31 -> 30 -> 29 -> 28 -> 27 -> 26 -> 25 -> 24 -> 23 -> 22 -> 21 -> 20 -> 19 -> 18 -> 17 -> 16 -> 15 -> 14 -> 13 -> 12 -> 11 -> 10 -> 9 -> 8 -> 7 -> 6 -> 5 -> 4 -> 3 -> 2 -> 1,48
305,0,0
306,0,0
307,0,0
308,0,0
309,0 -> 49 -> 48 -> 47 -> 46 -> 45 -> 44 -> 43 -> 42 -> 41 -> 40 -> 39 -> 38 -> 37 -> 36 -> 35 -> 34 -> 33 -> 32 -> 31 -> 30 -> 29 -> 28 -> 27 -> 26 -> 25 -> 24 -> 23 -> 22 -> 21 -> 20 -> 19 -> 18 -> 17 -> 16 -> 15 -> 14 -> 13 -> 12 -> 11 -> 10 -> 9 -> 8 -> 7 -> 6 -> 5 -> 4 -> 3 -> 2 -> 1,48
310,0,0
311,0,0
312,0,0
313,0,0
314,0 -> 49 -> 48 -> 47 -> 46 -> 45 -> 44 -> 43 -> 42 -> 41 -> 40 -> 39 -> 38 -> 37 -> 36 -> 35 -> 34 -> 33 -> 32 -> 31 -> 30 -> 29 -> 28 -> 27 -> 26 -> 25 -> 24 -> 23 -> 22 -> 21 -> 20 -> 19 -> 18 -> 17 -> 16 -> 15 -> 14 -> 13 -> 12 -> 11 -> 10 -> 9 -> 8 -> 7 -> 6 -> 5 -> 4 -> 3 -> 2 -> 1,48
315,0,0
316,0,0
317,0,0
318,0,0
319,0 -> 49 -> 48 -> 47 -> 46 -> 45 -> 44 -> 43 -> 42 -> 41 -> 40 -> 39 -> 38 -> 37 -> 36 -> 35 -> 34 -> 33 -> 32 -> 31 -> 30 -> 29 -> 28 -> 27 -> 26 -> 25 -> 24 -> 23 -> 22 -> 21 -> 20 -> 19 -> 18 -> 17 -> 16 -> 15 -> 14 -> 13 -> 12 -> 11 -> 10 -> 9 -> 8 -> 7 -> 6 -> 5 -> 4 -> 3 -> 2 -> 1,48
320,0,0
321,0,0
322,0,0
323,0,0
324,0 -> 49 -> 48 -> 47 -> 46 -> 45 -> 44 -> 43 -> 42 -> 41 -> 40 -> 39 -> 38 -> 37 -> 36 -> 35 -> 34 -> 33 -> 32 -> 31 -> 30 -> 29 -> 28 -> 27 -> 26 -> 25 -> 24 -> 23 -> 22 -> 21 -> 20 -> 19 -> 18 -> 17 -> 16 -> 15 -> 14 -> 13 -> 12 -> 11 -> 10 -> 9 -> 8 -> 7 -> 6 -> 5 -> 4 -> 3 -> 2 -> 1,48
325,0,0
326,0,0
327,0,0
328,0,0
329,0 -> 49 -> 48 -> 47 -> 46 -> 45 -> 44 -> 43 -> 42 -> 41 -> 40 -> 39 -> 38 -> 37 -> 36 -> 35 -> 34 -> 33 -> 32 -> 31 -> 30 -> 29 -> 28 -> 27 -> 26 -> 25 -> 24 -> 23 -> 22 -> 21 -> 20 -> 19 -> 18 -> 17 -> 16 -> 15 -> 14 -> 13 -> 12 -> 11 -> 10 -> 9 -> 8 -> 7 -> 6 -> 5 -> 4 -> 3 -> 2 -> 1,48
330,0,0
331,0,0
332,0,0
333,0,0
334,0 -> 49 -> 48 -> 47 -> 46 -> 45 -> 44 -> 43 -> 42 -> 41 -> 40 -> 39 -> 38 -> 37 -> 36 -> 35 -> 34 -> 33 -> 32 -> 31 -> 30 -> 29 -> 28 -> 27 -> 26 -> 25 -> 24 -> 23 -> 22 -> 21 -> 20 -> 19 -> 18 -> 17 -> 16 -> 15 -> 14 -> 13 -> 12 -> 11 -> 10 -> 9 -> 8 -> 7 -> 6 -> 5 -> 4 -> 3 -> 2 -> 1,48
335,0,0
336,0,0
337,0,0
338,0,0
339,0 -> 49 -> 48 -> 47 -> 46 -> 45 -> 44 -> 43 -> 42 -> 41 -> 40 -> 39 -> 38 -> 37 -> 36 -> 35 -> 34 -> 33 -> 32 -> 31 -> 30 -> 29 -> 28 -> 27 -> 26 -> 25 -> 24 -> 23 -> 22 -> 21 -> 20 -> 19 -> 18 -> 17 -> 16 -> 15 -> 14 -> 13 -> 12 -> 11 -> 10 -> 9 -> 8 -> 7 -> 6 -> 5 -> 4 -> 3 -> 2 -> 1,48
340,0,0
341,0,0
342,0,0
343,0,0
344,0 -> 49 -> 48 -> 47 -> 46 -> 45 -> 44 -> 43 -> 42 -> 41 -> 40 -> 39 -> 38 -> 37 -> 36 -> 35 -> 34 -> 33 -> 32 -> 31 -> 30 -> 29 -> 28 -> 27 -> 26 -> 25 -> 24 -> 23 -> 22 -> 21 -> 20 -> 19 -> 18 -> 17 -> 16 -> 15 -> 14 -> 13 -> 12 -> 11 -> 10 -> 9 -> 8 -> 7 -> 6 -> 5 -> 4 -> 3 -> 2 -> 1,48
345,0,0
346,0,0
347,0,0
348,0,0
349,0 -> 49 -> 48 -> 47 -> 46 -> 45 -> 44 -> 43 -> 42 -> 41 -> 40 -> 39 -> 38 -> 37 -> 36 -> 35 -> 34 -> 33 -> 32 -> 31 -> 30 -> 29 -> 28 -> 27 -> 26 -> 25 -> 24 -> 23 -> 22 -> 21 -> 20 -> 19 -> 18 -> 17 -> 16 -> 15 -> 14 -> 13 -> 12 -> 11 -> 10 -> 9 -> 8 -> 7 -> 6 -> 5 -> 4 -> 3 -> 2 -> 1,48
350,0,0
351,0,0
352,0,0
353,0,0
354,0 -> 49 -> 48 -> 47 -> 46 -> 45 -> 44 -> 43 -> 42 -> 41 -> 40 -> 39 -> 38 -> 37 -> 36 -> 35 -> 34 -> 33 -> 32 -> 31 -> 30 -> 29 -> 28 -> 27 -> 26 -> 25 -> 24 -> 23 -> 22 -> 21 -> 20 -> 19 -> 18 -> 17 -> 16 -> 15 -> 14 -> 13 -> 12 -> 11 -> 10 -> 9 -> 8 -> 7 -> 6 -> 5 -> 4 -> 3 -> 2 -> 1,48
355,0,0
356,0,0
357,0,0
358,0,0
359,0 -> 49 -> 48 -> 47 -> 46 -> 45 -> 44 -> 43 -> 42 -> 41 -> 40 -> 39 -> 38 -> 37 -> 36 -> 35 -> 34 -> 33 -> 32 -> 31 -> 30 -> 29 -> 28 -> 27 -> 26 -> 25 -> 24 -> 23 -> 22 -> 21 -> 20 -> 19 -> 18 -> 17 -> 16 -> 15 -> 14 -> 13 -> 12 -> 11 -> 10 -> 9 -> 8 -> 7 -> 6 -> 5 -> 4 -> 3 -> 2 -> 1,48
360,0,0
361,0,0
362,0,0
363,0,0
364,0 -> 49 -> 48 -> 47 -> 46 -> 45 -> 44 -> 43 -> 42 -> 41 -> 40 -> 39 -> 38 -> 37 -> 36 -> 35 -> 34 -> 33 -> 32 -> 31 -> 30 -> 29 -> 28 -> 27 -> 26 -> 25 -> 24 -> 23 -> 22 -> 21 -> 20 -> 19 -> 18 -> 17 -> 16 -> 15 -> 14 -> 13 -> 12 -> 11 -> 10 -> 9 -> 8 -> 7 -> 6 -> 5 -> 4 -> 3 -> 2 -> 1,48
365,0,0
366,0,0
367,0,0
368,0,0
369,0 -> 49 -> 48 -> 47 -> 46 -> 45 -> 44 -> 43 -> 42 -> 41 -> 40 -> 39 -> 38 -> 37 -> 36 -> 35 -> 34 -> 33 -> 32 -> 31 -> 30 -> 29 -> 28 -> 27 -> 26 -> 25 -> 24 -> 23 -> 22 -> 21 -> 20 -> 19 -> 18 -> 17 -> 16 -> 15 -> 14 -> 13 -> 12 -> 11 -> 10 -> 9 -> 8 -> 7 -> 6 -> 5 -> 4 -> 3 -> 2 -> 1,48
370,0,0
371,0,0
372,0,0
373,0,0
374,0 -> 49 -> 48 -> 47 -> 46 -> 45 -> 44 -> 43 -> 42 -> 41 -> 40 -> 39 -> 38 -> 37 -> 36 -> 35 -> 34 -> 33 -> 32 -> 31 -> 30 -> 29 -> 28 -> 27 -> 26 -> 25 -> 24 -> 23 -> 22 -> 21 -> 20 -> 19 -> 18 -> 17 -> 16 -> 15 -> 14 -> 13 -> 12 -> 11 -> 10 -> 9 -> 8 -> 7 -> 6 -> 5 -> 4 -> 3 -> 2 -> 1,48
375,0,0
376,0,0
377,0,0
378,0,0
379,0 -> 49 -> 48 -> 47 -> 46 -> 45 -> 44 -> 43 -> 42 -> 41 -> 40 -> 39 -> 38 -> 37 -> 36 -> 35 -> 34 -> 33 -> 32 -> 31 -> 30 -> 29 -> 28 -> 27 -> 26 -> 25 -> 24 -> 23 -> 22 -> 21 -> 20 -> 19 -> 18 -> 17 -> 16 -> 15 -> 14 -> 13 -> 12 -> 11 -> 10 -> 9 -> 8 -> 7 -> 6 -> 5 -> 4 -> 3 -> 2 -> 1,48
380,0,0
381,0,0
382,0,0
383,0,0
384,0 -> 49 -> 48 -> 47 -> 46 -> 45 -> 44 -> 43 -> 42 -> 41 -> 40 -> 39 -> 38 -> 37 -> 36 -> 35 -> 34 -> 33 -> 32 -> 31 -> 30 -> 29 -> 28 -> 27 -> 26 -> 25 -> 24 -> 23 -> 22 -> 21 -> 20 -> 19 -> 18 -> 17 -> 16 -> 15 -> 14 -> 13 -> 12 -> 11 -> 10 -> 9 -> 8 -> 7 -> 6 -> 5 -> 4 -> 3 -> 2 -> 1,48
385,0,0
386,0,0
387,0,0
388,0,0
389,0 -> 49 -> 48 -> 47 -> 46 -> 45 -> 44 -> 43 -> 42 -> 41 -> 40 -> 39 -> 38 -> 37 -> 36 -> 35 -> 34 -> 33 -> 32 -> 31 -> 30 -> 29 -> 28 -> 27 -> 26 -> 25 -> 24 -> 23 -> 22 -> 21 -> 20 -> 19 -> 18 -> 17 -> 16 -> 15 -> 14 -> 13 -> 12 -> 11 -> 10 -> 9 -> 8 -> 7 -> 6 -> 5 -> 4 -> 3 -> 2 -> 1,48
390,0,0
391,0,0
392,0,0
393,0,0
394,0 -> 49 -> 48 -> 47 -> 46 -> 45 -> 44 -> 43 -> 42 -> 41 -> 40 -> 39 -> 38 -> 37 -> 36 -> 35 -> 34 -> 33 -> 32 -> 31 -> 30 -> 29 -> 28 -> 27 -> 26 -> 25 -> 24 -> 23 -> 22 -> 21 -> 20 -> 19 -> 18 -> 17 -> 16 -> 15 -> 14 -> 13 -> 12 -> 11 -> 10 -> 9 -> 8 -> 7 -> 6 -> 5 -> 4 -> 3 -> 2 -> 1,48
395,0,0
396,0,0
397,0,0
398,0,0
399,0 -> 49 -> 48 -> 47 -> 46 -> 45 -> 44 -> 43 -> 42 -> 41 -> 40 -> 39 -> 38 -> 37 -> 36 -> 35 -> 34 -> 33 -> 32 -> 31 -> 30 -> 29 -> 28 -> 27 -> 26 -> 25 -> 24 -> 23 -> 22 -> 21 -> 20 -> 19 -> 18 -> 17 -> 16 -> 15 -> 14 -> 13 -> 12 -> 11 -> 10 -> 9 -> 8 -> 7 -> 6 -> 5 -> 4 -> 3 -> 2 -> 1,48
400,0,0
401,0,0
402,0,0
403,0,0
404,0 -> 49 -> 48 -> 47 -> 46 -> 45 -> 44 -> 43 -> 42 -> 41 -> 40 -> 39 -> 38 -> 37 -> 36 -> 35 -> 34 -> 33 -> 32 -> 31 -> 30 -> 29 -> 28 -> 27 -> 26 -> 25 -> 24 -> 23 -> 22 -> 21 -> 20 -> 19 -> 18 -> 17 -> 16 -> 15 -> 14 -> 13 -> 12 -> 11 -> 10 -> 9 -> 8 -> 7 -> 6 -> 5 -> 4 -> 3 -> 2 -> 1,48
405,0,0
406,0,0
407,0,0
408,0,0
409,0 -> 49 -> 48 -> 47 -> 46 -> 45 -> 44 -> 43 -> 42 -> 41 -> 40 -> 39 -> 38 -> 37 -> 36 -> 35 -> 34 -> 33 -> 32 -> 31 -> 30 -> 29 -> 28 -> 27 -> 26 -> 25 -> 24 -> 23 -> 22 -> 21 -> 20 -> 19 -> 18 -> 17 -> 16 -> 15 -> 14 -> 13 -> 12 -> 11 -> 10 -> 9 -> 8 -> 7 -> 6 -> 5 -> 4 -> 3 -> 2 -> 1,48
410,0,0
411,0,0
412,0,0
413,0,0
414,0 -> 49 -> 48 -> 47 -> 46 -> 45 -> 44 -> 43 -> 42 -> 41 -> 40 -> 39 -> 38 -> 37 -> 36 -> 35 -> 34 -> 33 -> 32 -> 31 -> 30 -> 29 -> 28 -> 27 -> 26 -> 25 -> 24 -> 23 -> 22 -> 21 -> 20 -> 19 -> 18 -> 17 -> 16 -> 15 -> 14 -> 13 -> 12 -> 11 -> 10 -> 9 -> 8 -> 7 -> 6 -> 5 -> 4 -> 3 -> 2 -> 1,48
415,0,0
416,0,0
417,0,0
418,0,0
419,0 -> 49 -> 48 -> 47 -> 46 -> 45 -> 44 -> 43 -> 42 -> 41 -> 40 -> 39 -> 38 -> 37 -> 36 -> 35 -> 34 -> 33 -> 32 -> 31 -> 30 -> 29 -> 28 -> 27 -> 26 -> 25 -> 24 -> 23 -> 22 -> 21 -> 20 -> 19 -> 18 -> 17 -> 16 -> 15 -> 14 -> 13 -> 12 -> 11 -> 10 -> 9 -> 8 -> 7 -> 6 -> 5 -> 4 -> 3 -> 2 -> 1,48
420,0,0
421,0,0
422,0,0
423,0,0
424,0 -> 49 -> 48 -> 47 -> 46 -> 45 -> 44 -> 43 -> 42 -> 41 -> 40 -> 39 -> 38 -> 37 -> 36 -> 35 -> 34 -> 33 -> 32 -> 31 -> 30 -> 29 -> 28 -> 27 -> 26 -> 25 -> 24 -> 23 -> 22 -> 21 -> 20 -> 19 -> 18 -> 17 -> 16 -> 15 -> 14 -> 13 -> 12 -> 11 -> 10 -> 9 -> 8 -> 7 -> 6 -> 5 -> 4 -> 3 -> 2 -> 1,48
425,0,0
426,0,0
427,0,0
428,0,0
429,0 -> 49 -> 48 -> 47 -> 46 -> 45 -> 44 -> 43 -> 42 -> 41 -> 40 -> 39 -> 38 -> 37 -> 36 -> 35 -> 34 -> 33 -> 32 -> 31 -> 30 -> 29 -> 28 -> 27 -> 26 -> 25 -> 24 -> 23 -> 22 -> 21 -> 20 -> 19 -> 18 -> 17 -> 16 -> 15 -> 14 -> 13 -> 12 -> 11 -> 10 -> 9 -> 8 -> 7 -> 6 -> 5 -> 4 -> 3 -> 2 -> 1,48
430,0,0
431,0,0
432,0,0
433,0,0
434,0 -> 49 -> 48 -> 47 -> 46 -> 45 -> 44 -> 43 -> 42 -> 41 -> 40 -> 39 -> 38 -> 37 -> 36 -> 35 -> 34 -> 33 -> 32 -> 31 -> 30 -> 29 -> 28 -> 27 -> 26 -> 25 -> 24 -> 23 -> 22 -> 21 -> 20 -> 19 -> 18 -> 17 -> 16 -> 15 -> 14 -> 13 -> 12 -> 11 -> 10 -> 9 -> 8 -> 7 -> 6 -> 5 -> 4 -> 3 -> 2 -> 1,48
435,0,0
436,0,0
437,0,0
438,0,0
439,0 -> 49 -> 48 -> 47 -> 46 -> 45 -> 44 -> 43 -> 42 -> 41 -> 40 -> 39 -> 38 -> 37 -> 36 -> 35 -> 34 -> 33 -> 32 -> 31 -> 30 -> 29 -> 28 -> 27 -> 26 -> 25 -> 24 -> 23 -> 22 -> 21 -> 20 -> 19 -> 18 -> 17 -> 16 -> 15 -> 14 -> 13 -> 12 -> 11 -> 10 -> 9 -> 8 -> 7 -> 6 -> 5 -> 4 -> 3 -> 2 -> 1,48
440,0,0
441,0,0
442,0,0
443,0,0
444,0 -> 49 -> 48 -> 47 -> 46 -> 45 -> 44 -> 43 -> 42 -> 41 -> 40 -> 39 -> 38 -> 37 -> 36 -> 35 -> 34 -> 33 -> 32 -> 31 -> 30 -> 29 -> 28 -> 27 -> 26 -> 25 -> 24 -> 23 -> 22 -> 21 -> 20 -> 19 -> 18 -> 17 -> 16 -> 15 -> 14 -> 13 -> 12 -> 11 -> 10 -> 9 -> 8 -> 7 -> 6 -> 5 -> 4 -> 3 -> 2 -> 1,48
445,0,0
446,0,0
447,0,0
448,0,0
449,0 -> 49 -> 48 -> 47 -> 46 -> 45 -> 44 -> 43 -> 42 -> 41 -> 40 -> 39 -> 38 -> 37 -> 36 -> 35 -> 34 -> 33 -> 32 -> 31 -> 30 -> 29 -> 28 -> 27 -> 26 -> 25 -> 24 -> 23 -> 22 -> 21 -> 20 -> 19 -> 18 -> 17 -> 16 -> 15 -> 14 -> 13 -> 12 -> 11 -> 10 -> 9 -> 8 -> 7 -> 6 -> 5 -> 4 -> 3 -> 2 -> 1,48
450,0,0
451,0,0
452,0,0
453,0,0
454,0 -> 49 -> 48 -> 47 -> 46 -> 45 -> 44 -> 43 -> 42 -> 41 -> 40 -> 39 -> 38 -> 37 -> 36 -> 35 -> 34 -> 33 -> 32 -> 31 -> 30 -> 29 -> 28 -> 27 -> 26 -> 25 -> 24 -> 23 -> 22 -> 21 -> 20 -> 19 -> 18 -> 17 -> 16 -> 15 -> 14 -> 13 -> 12 -> 11 -> 10 -> 9 -> 8 -> 7 -> 6 -> 5 -> 4 -> 3 -> 2 -> 1,48
455,0,0
456,0,0
457,0,0
458,0,0
459,0 -> 49 -> 48 -> 47 -> 46 -> 45 -> 44 -> 43 -> 42 -> 41 -> 40 -> 39 -> 38 -> 37 -> 36 -> 35 -> 34 -> 33 -> 32 -> 31 -> 30 -> 29 -> 28 -> 27 -> 26 -> 25 -> 24 -> 23 -> 22 -> 21 -> 20 -> 19 -> 18 -> 17 -> 16 -> 15 -> 14 -> 13 -> 12 -> 11 -> 10 -> 9 -> 8 -> 7 -> 6 -> 5 -> 4 -> 3 -> 2 -> 1,48
460,0,0
461,0,0
462,0,0
463,0,0
464,0 -> 49 -> 48 -> 47 -> 46 -> 45 -> 44 -> 43 -> 42 -> 41 -> 40 -> 39 -> 38 -> 37 -> 36 -> 35 -> 34 -> 33 -> 32 -> 31 -> 30 -> 29 -> 28 -> 27 -> 26 -> 25 -> 24 -> 23 -> 22 -> 21 -> 20 -> 19 -> 18 -> 17 -> 16 -> 15 -> 14 -> 13 -> 12 -> 11 -> 10 -> 9 -> 8 -> 7 -> 6 -> 5 -> 4 -> 3 -> 2 -> 1,48
465,0,0
466,0,0
467,0,0
468,0,0
469,0 -> 49 -> 48 -> 47 -> 46 -> 45 -> 44 -> 43 -> 42 -> 41 -> 40 -> 39 -> 38 -> 37 -> 36 -> 35 -> 34 -> 33 -> 32 -> 31 -> 30 -> 29 -> 28 -> 27 -> 26 -> 25 -> 24 -> 23 -> 22 -> 21 -> 20 -> 19 -> 18 -> 17 -> 16 -> 15 -> 14 -> 13 -> 12 -> 11 -> 10 -> 9 -> 8 -> 7 -> 6 -> 5 -> 4 -> 3 -> 2 -> 1,48
470,0,0
471,0,0
472,0,0
473,0,0
474,0 -> 49 -> 48 -> 47 -> 46 -> 45 -> 44 -> 43 -> 42 -> 41 -> 40 -> 39 -> 38 -> 37 -> 36 -> 35 -> 34 -> 33 -> 32 -> 31 -> 30 -> 29 -> 28 -> 27 -> 26 -> 25 -> 24 -> 23 -> 22 -> 21 -> 20 -> 19 -> 18 -> 17 -> 16 -> 15 -> 14 -> 13 -> 12 -> 11 -> 10 -> 9 -> 8 -> 7 -> 6 -> 5 -> 4 -> 3 -> 2 -> 1,48
475,0,0
476,0,0
477,0,0
478,0,0
479,0 -> 49 -> 48 -> 47 -> 46 -> 45 -> 44 -> 43 -> 42 -> 41 -> 40 -> 39 -> 38 -> 37 -> 36 -> 35 -> 34 -> 33 -> 32 -> 31 -> 30 -> 29 -> 28 -> 27 -> 26 -> 25 -> 24 -> 23 -> 22 -> 21 -> 20 -> 19 -> 18 -> 17 -> 16 -> 15 -> 14 -> 13 -> 12 -> 11 -> 10 -> 9 -> 8 -> 7 -> 6 -> 5 -> 4 -> 3 -> 2 -> 1,48
480,0,0
481,0,0
482,0,0
483,0,0
484,0 -> 49 -> 48 -> 47 -> 46 -> 45 -> 44 -> 43 -> 42 -> 41 -> 40 -> 39 -> 38 -> 37 -> 36 -> 35 -> 34 -> 33 -> 32 -> 31 -> 30 -> 29 -> 28 -> 27 -> 26 -> 25 -> 24 -> 23 -> 22 -> 21 -> 20 -> 19 -> 18 -> 17 -> 16 -> 15 -> 14 -> 13 -> 12 -> 11 -> 10 -> 9 -> 8 -> 7 -> 6 -> 5 -> 4 -> 3 -> 2 -> 1,48
485,0,0
486,0,0
487,0,0
488,0,0
489,0 -> 49 -> 48 -> 47 -> 46 -> 45 -> 44 -> 43 -> 42 -> 41 -> 40 -> 39 -> 38 -> 37 -> 36 -> 35 -> 34 -> 33 -> 32 -> 31 -> 30 -> 29 -> 28 -> 27 -> 26 -> 25 -> 24 -> 23 -> 22 -> 21 -> 20 -> 19 -> 18 -> 17 -> 16 -> 15 -> 14 -> 13 -> 12 -> 11 -> 10 -> 9 -> 8 -> 7 -> 6 -> 5 -> 4 -> 3 -> 2 -> 1,48
490,0,0
491,0,0
492,0,0
493,0,0
494,0 -> 49 -> 48 -> 47 -> 46 -> 45 -> 44 -> 43 -> 42 -> 41 -> 40 -> 39 -> 38 -> 37 -> 36 -> 35 -> 34 -> 33 -> 32 -> 31 -> 30 -> 29 -> 28 -> 27 -> 26 -> 25 -> 24 -> 23 -> 22 -> 21 -> 20 -> 19 -> 18 -> 17 -> 16 -> 15 -> 14 -> 13 -> 12 -> 11 -> 10 -> 9 -> 8 -> 7 -> 6 -> 5 -> 4 -> 3 -> 2 -> 1,48
495,0,0
496,0,0
497,0,0
498,0,0
499,0 -> 49 -> 48 -> 47 -> 46 -> 45 -> 44 -> 43 -> 42 -> 41 -> 40 -> 39 -> 38 -> 37 -> 36 -> 35 -> 34 -> 33 -> 32 -> 31 -> 30 -> 29 -> 28 -> 27 -> 26 -> 25 -> 24 -> 23 -> 22 -> 21 -> 20 -> 19 -> 18 -> 17 -> 16 -> 15 -> 14 -> 13 -> 12 -> 11 -> 10 -> 9 -> 8 -> 7 -> 6 -> 5 -> 4 -> 3 -> 2 -> 1,48
500,0,0
501,0,0
502,0,0
503,0,0
504,0 -> 49 -> 48 -> 47 -> 46 -> 45 -> 44 -> 43 -> 42 -> 41 -> 40 -> 39 -> 38 -> 37 -> 36 -> 35 -> 34 -> 33 -> 32 -> 31 -> 30 -> 29 -> 28 -> 27 -> 26 -> 25 -> 24 -> 23 -> 22 -> 21 -> 20 -> 19 -> 18 -> 17 -> 16 -> 15 -> 14 -> 13 -> 12 -> 11 -> 10 -> 9 -> 8 -> 7 -> 6 -> 5 -> 4 -> 3 -> 2 -> 1,48
505,0,0
506,0,0
507,0,0
508,0,0
509,0 -> 49 -> 48 -> 47 -> 46 -> 45 -> 44 -> 43 -> 42 -> 41 -> 40 -> 39 -> 38 -> 37 -> 36 -> 35 -> 34 -> 33 -> 32 -> 31 -> 30 -> 29 -> 28 -> 27 -> 26 -> 25 -> 24 -> 23 -> 22 -> 21 -> 20 -> 19 -> 18 -> 17 -> 16 -> 15 -> 14 -> 13 -> 12 -> 11 -> 10 -> 9 -> 8 -> 7 -> 6 -> 5 -> 4 -> 3 -> 2 -> 1,48
510,0,0
511,0,0
512,0,0
513,0,0
514,0 -> 49 -> 48 -> 47 -> 46 -> 45 -> 44 -> 43 -> 42 -> 41 -> 40 -> 39 -> 38 -> 37 -> 36 -> 35 -> 34 -> 33 -> 32 -> 31 -> 30 -> 29 -> 28 -> 27 -> 26 -> 25 -> 24 -> 23 -> 22 -> 21 -> 20 -> 19 -> 18 -> 17 -> 16 -> 15 -> 14 -> 13 -> 12 -> 11 -> 10 -> 9 -> 8 -> 7 -> 6 -> 5 -> 4 -> 3 -> 2 -> 1,48
515,0,0
516,0,0
517,0,0
518,0,0
519,0 -> 49 -> 48 -> 47 -> 46 -> 45 -> 44 -> 43 -> 42 -> 41 -> 40 -> 39 -> 38 -> 37 -> 36 -> 35 -> 34 -> 33 -> 32 -> 31 -> 30 -> 29 -> 28 -> 27 -> 26 -> 25 -> 24 -> 23 -> 22 -> 21 -> 20 -> 19 -> 18 -> 17 -> 16 -> 15 -> 14 -> 13 -> 12 -> 11 -> 10 -> 9 -> 8 -> 7 -> 6 -> 5 -> 4 -> 3 -> 2 -> 1,48
520,0,0
521,0,0
522,0,0
523,0,0
524,0 -> 49 -> 48 -> 47 -> 46 -> 45 -> 44 -> 43 -> 42 -> 41 -> 40 -> 39 -> 38 -> 37 -> 36 -> 35 -> 34 -> 33 -> 32 -> 31 -> 30 -> 29 -> 28 -> 27 -> 26 -> 25 -> 24 -> 23 -> 22 -> 21 -> 20 -> 19 -> 18 -> 17 -> 16 -> 15 -> 14 -> 13 -> 12 -> 11 -> 10 -> 9 -> 8 -> 7 -> 6 -> 5 -> 4 -> 3 -> 2 -> 1,48
525,0,0
526,0,0
527,0,0
528,0,0
529,0 -> 49 -> 48 -> 47 -> 46 -> 45 -> 44 -> 43 -> 42 -> 41 -> 40 -> 39 -> 38 -> 37 -> 36 -> 35 -> 34 -> 33 -> 32 -> 31 -> 30 -> 29 -> 28 -> 27 -> 26 -> 25 -> 24 -> 23 -> 22 -> 21 -> 20 -> 19 -> 18 -> 17 -> 16 -> 15 -> 14 -> 13 -> 12 -> 11 -> 10 -> 9 -> 8 -> 7 -> 6 -> 5 -> 4 -> 3 -> 2 -> 1,48
530,0,0
531,0,0
532,0,0
533,0,0
534,0 -> 49 -> 48 -> 47 -> 46 -> 45 -> 44 -> 43 -> 42 -> 41 -> 40 -> 39 -> 38 -> 37 -> 36 -> 35 -> 34 -> 33 -> 32 -> 31 -> 30 -> 29 -> 28 -> 27 -> 26 -> 25 -> 24 -> 23 -> 22 -> 21 -> 20 -> 19 -> 18 -> 17 -> 16 -> 15 -> 14 -> 13 -> 12 -> 11 -> 10 -> 9 -> 8 -> 7 -> 6 -> 5 -> 4 -> 3 -> 2 -> 1,48
535,0,0
536,0,0
537,0,0
538,0,0
539,0 -> 49 -> 48 -> 47 -> 46 -> 45 -> 44 -> 43 -> 42 -> 41 -> 40 -> 39 -> 38 -> 37 -> 36 -> 35 -> 34 -> 33 -> 32 -> 31 -> 30 -> 29 -> 28 -> 27 -> 26 -> 25 -> 24 -> 23 -> 22 -> 21 -> 20 -> 19 -> 18 -> 17 -> 16 -> 15 -> 14 -> 13 -> 12 -> 11 -> 10 -> 9 -> 8 -> 7 -> 6 -> 5 -> 4 -> 3 -> 2 -> 1,48
540,0,0
541,0,0
542,0,0
543,0,0
544,0 -> 49 -> 48 -> 47 -> 46 -> 45 -> 44 -> 43 -> 42 -> 41 -> 40 -> 39 -> 38 -> 37 -> 36 -> 35 -> 34 -> 33 -> 32 -> 31 -> 30 -> 29 -> 28 -> 27 -> 26 -> 25 -> 24 -> 23 -> 22 -> 21 -> 20 -> 19 -> 18 -> 17 -> 16 -> 15 -> 14 -> 13 -> 12 -> 11 -> 10 -> 9 -> 8 -> 7 -> 6 -> 5 -> 4 -> 3 -> 2 -> 1,48
545,0,0
546,0,0
547,0,0
548,0,0
549,0 -> 49 -> 48 -> 47 -> 46 -> 45 -> 44 -> 43 -> 42 -> 41 -> 40 -> 39 -> 38 -> 37 -> 36 -> 35 -> 34 -> 33 -> 32 -> 31 -> 30 -> 29 -> 28 -> 27 -> 26 -> 25 -> 24 -> 23 -> 22 -> 21 -> 20 -> 19 -> 18 -> 17 -> 16 -> 15 -> 14 -> 13 -> 12 -> 11 -> 10 -> 9 -> 8 -> 7 -> 6 -> 5 -> 4 -> 3 -> 2 -> 1,48
550,0,0
551,0,0
552,0,0
553,0,0
554,0 -> 49 -> 48 -> 47 -> 46 -> 45 -> 44 -> 43 -> 42 -> 41 -> 40 -> 39 -> 38 -> 37 -> 36 -> 35 -> 34 -> 33 -> 32 -> 31 -> 30 -> 29 -> 28 -> 27 -> 26 -> 25 -> 24 -> 23 -> 22 -> 21 -> 20 -> 19 -> 18 -> 17 -> 16 -> 15 -> 14 -> 13 -> 12 -> 11 -> 10 -> 9 -> 8 -> 7 -> 6 -> 5 -> 4 -> 3 -> 2 -> 1,48
555,0,0
556,0,0
557,0,0
558,0,0
559,0 -> 49 -> 48 -> 47 -> 46 -> 45 -> 44 -> 43 -> 42 -> 41 -> 40 -> 39 -> 38 -> 37 -> 36 -> 35 -> 34 -> 33 -> 32 -> 31 -> 30 -> 29 -> 28 -> 27 -> 26 -> 25 -> 24 -> 23 -> 22 -> 21 -> 20 -> 19 -> 18 -> 17 -> 16 -> 15 -> 14 -> 13 -> 12 -> 11 -> 10 -> 9 -> 8 -> 7 -> 6 -> 5 -> 4 -> 3 -> 2 -> 1,48
560,0,0
561,0,0
562,0,0
563,0,0
564,0 -> 49 -> 48 -> 47 -> 46 -> 45 -> 44 -> 43 -> 42 -> 41 -> 40 -> 39 -> 38 -> 37 -> 36 -> 35 -> 34 -> 33 -> 32 -> 31 -> 30 -> 29 -> 28 -> 27 -> 26 -> 25 -> 24 -> 23 -> 22 -> 21 -> 20 -> 19 -> 18 -> 17 -> 16 -> 15 -> 14 -> 13 -> 12 -> 11 -> 10 -> 9 -> 8 -> 7 -> 6 -> 5 -> 4 -> 3 -> 2 -> 1,48
565,0,0
566,0,0
567,0,0
568,0,0
569,0 -> 49 -> 48 -> 47 -> 46 -> 45 -> 44 -> 43 -> 42 -> 41 -> 40 -> 39 -> 38 -> 37 -> 36 -> 35 -> 34 -> 33 -> 32 -> 31 -> 30 -> 29 -> 28 -> 27 -> 26 -> 25 -> 24 -> 23 -> 22 -> 21 -> 20 -> 19 -> 18 -> 17 -> 16 -> 15 -> 14 -> 13 -> 12 -> 11 -> 10 -> 9 -> 8 -> 7 -> 6 -> 5 -> 4 -> 3 -> 2 -> 1,48
570,0,0
571,0,0
572,0,0
573,0,0
574,0 -> 49 -> 48 -> 47 -> 46 -> 45 -> 44 -> 43 -> 42 -> 41 -> 40 -> 39 -> 38 -> 37 -> 36 -> 35 -> 34 -> 33 -> 32 -> 31 -> 30 -> 29 -> 28 -> 27 -> 26 -> 25 -> 24 -> 23 -> 22 -> 21 -> 20 -> 19 -> 18 -> 17 -> 16 -> 15 -> 14 -> 13 -> 12 -> 11 -> 10 -> 9 -> 8 -> 7 -> 6 -> 5 -> 4 -> 3 -> 2 -> 1,48
575,0,0
576,0,0
577,0,0
578,0,0
579,0 -> 49 -> 48 -> 47 -> 46 -> 45 -> 44 -> 43 -> 42 -> 41 -> 40 -> 39 -> 38 -> 37 -> 36 -> 35 -> 34 -> 33 -> 32 -> 31 -> 30 -> 29 -> 28 -> 27 -> 26 -> 25 -> 24 -> 23 -> 22 -> 21 -> 20 -> 19 -> 18 -> 17 -> 16 -> 15 -> 14 -> 13 -> 12 -> 11 -> 10 -> 9 -> 8 -> 7 -> 6 -> 5 -> 4 -> 3 -> 2 -> 1,48
580,0,0
581,0,0
582,0,0
583,0,0
584,0 -> 49 -> 48 -> 47 -> 46 -> 45 -> 44 -> 43 -> 42 -> 41 -> 40 -> 39 -> 38 -> 37 -> 36 -> 35 -> 34 -> 33 -> 32 -> 31 -> 30 -> 29 -> 28 -> 27 -> 26 -> 25 -> 24 -> 23 -> 22 -> 21 -> 20 -> 19 -> 18 -> 17 -> 16 -> 15 -> 14 -> 13 -> 12 -> 11 -> 10 -> 9 -> 8 -> 7 -> 6 -> 5 -> 4 -> 3 -> 2 -> 1,48
585,0,0
586,0,0
587,0,0
588,0,0
589,0 -> 49 -> 48 -> 47 -> 46 -> 45 -> 44 -> 43 -> 42 -> 41 -> 40 -> 39 -> 38 -> 37 -> 36 -> 35 -> 34 -> 33 -> 32 -> 31 -> 30 -> 29 -> 28 -> 27 -> 26 -> 25 -> 24 -> 23 -> 22 -> 21 -> 20 -> 19 -> 18 -> 17 -> 16 -> 15 -> 14 -> 13 -> 12 -> 11 -> 10 -> 9 -> 8 -> 7 -> 6 -> 5 -> 4 -> 3 -> 2 -> 1,48
590,0,0
591,0,0
592,0,0
593,0,0
594,0 -> 49 -> 48 -> 47 -> 46 -> 45 -> 44 -> 43 -> 42 -> 41 -> 40 -> 39 -> 38 -> 37 -> 36 -> 35 -> 34 -> 33 -> 32 -> 31 -> 30 -> 29 -> 28 -> 27 -> 26 -> 25 -> 24 -> 23 -> 22 -> 21 -> 20 -> 19 -> 18 -> 17 -> 16 -> 15 -> 14 -> 13 -> 12 -> 11 -> 10 -> 9 -> 8 -> 7 -> 6 -> 5 -> 4 -> 3 -> 2 -> 1,48
595,0,0
596,0,0
597,0,0
598,0,0
599,0 -> 49 -> 48 -> 47 -> 46 -> 45 -> 44 -> 43 -> 42 -> 41 -> 40 -> 39 -> 38 -> 37 -> 36 -> 35 -> 34 -> 33 -> 32 -> 31 -> 30 -> 29 -> 28 -> 27 -> 26 -> 25 -> 24 -> 23 -> 22 -> 21 -> 20 -> 19 -> 18 -> 17 -> 16 -> 15 -> 14 -> 13 -> 12 -> 11 -> 10 -> 9 -> 8 -> 7 -> 6 -> 5 -> 4 -> 3 -> 2 -> 1,48
600,0,0
601,0,0
602,0,0
603,0,0
604,0 -> 49 -> 48 -> 47 -> 46 -> 45 -> 44 -> 43 -> 42 -> 41 -> 40 -> 39 -> 38 -> 37 -> 36 -> 35 -> 34 -> 33 -> 32 -> 31 -> 30 -> 29 -> 28 -> 27 -> 26 -> 25 -> 24 -> 23 -> 22 -> 21 -> 20 -> 19 -> 18 -> 17 -> 16 -> 15 -> 14 -> 13 -> 12 -> 11 -> 10 -> 9 -> 8 -> 7 -> 6 -> 5 -> 4 -> 3 -> 2 -> 1,48
605,0,0
606,0,0
607,0,0
608,0,0
609,0 -> 49 -> 48 -> 47 -> 46 -> 45 -> 44 -> 43 -> 42 -> 41 -> 40 -> 39 -> 38 -> 37 -> 36 -> 35 -> 34 -> 33 -> 32 -> 31 -> 30 -> 29 -> 28 -> 27 -> 26 -> 25 -> 24 -> 23 -> 22 -> 21 -> 20 -> 19 -> 18 -> 17 -> 16 -> 15 -> 14 -> 13 -> 12 -> 11 -> 10 -> 9 -> 8 -> 7 -> 6 -> 5 -> 4 -> 3 -> 2 -> 1,48
610,0,0
611,0,0
612,0,0
613,0,0
614,0 -> 49 -> 48 -> 47 -> 46 -> 45 -> 44 -> 43 -> 42 -> 41 -> 40 -> 39 -> 38 -> 37 -> 36 -> 35 -> 34 -> 33 -> 32 -> 31 -> 30 -> 29 -> 28 -> 27 -> 26 -> 25 -> 24 -> 23 -> 22 -> 21 -> 20 -> 19 -> 18 -> 17 -> 16 -> 15 -> 14 -> 13 -> 12 -> 11 -> 10 -> 9 -> 8 -> 7 -> 6 -> 5 -> 4 -> 3 -> 2 -> 1,48
615,0,0
616,0,0
617,0,0
618,0,0
619,0 -> 49 -> 48 -> 47 -> 46 -> 45 -> 44 -> 43 -> 42 -> 41 -> 40 -> 39 -> 38 -> 37 -> 36 -> 35 -> 34 -> 33 -> 32 -> 31 -> 30 -> 29 -> 28 -> 27 -> 26 -> 25 -> 24 -> 23 -> 22 -> 21 -> 20 -> 19 -> 18 -> 17 -> 16 -> 15 -> 14 -> 13 -> 12 -> 11 -> 10 -> 9 -> 8 -> 7 -> 6 -> 5 -> 4 -> 3 -> 2 -> 1,48
620,0,0
621,0,0
622,0,0
623,0,0
624,0 -> 49 -> 48 -> 47 -> 46 -> 45 -> 44 -> 43 -> 42 -> 41 -> 40 -> 39 -> 38 -> 37 -> 36 -> 35 -> 34 -> 33 -> 32 -> 31 -> 30 -> 29 -> 28 -> 27 -> 26 -> 25 -> 24 -> 23 -> 22 -> 21 -> 20 -> 19 -> 18 -> 17 -> 16 -> 15 -> 14 -> 13 -> 12 -> 11 -> 10 -> 9 -> 8 -> 7 -> 6 -> 5 -> 4 -> 3 -> 2 -> 1,48
625,0,0
626,0,0
627,0,0
628,0,0
629,0 -> 49 -> 48 -> 47 -> 46 -> 45 -> 44 -> 43 -> 42 -> 41 -> 40 -> 39 -> 38 -> 37 -> 36 -> 35 -> 34 -> 33 -> 32 -> 31 -> 30 -> 29 -> 28 -> 27 -> 26 -> 25 -> 24 -> 23 -> 22 -> 21 -> 20 -> 19 -> 18 -> 17 -> 16 -> 15 -> 14 -> 13 -> 12 -> 11 -> 10 -> 9 -> 8 -> 7 -> 6 -> 5 -> 4 -> 3 -> 2 -> 1,48
630,0,0
631,0,0
632,0,0
633,0,0
634,0 -> 49 -> 48 -> 47 -> 46 -> 45 -> 44 -> 43 -> 42 -> 41 -> 40 -> 39 -> 38 -> 37 -> 36 -> 35 -> 34 -> 33 -> 32 -> 31 -> 30 -> 29 -> 28 -> 27 -> 26 -> 25 -> 24 -> 23 -> 22 -> 21 -> 20 -> 19 -> 18 -> 17 -> 16 -> 15 -> 14 -> 13 -> 12 -> 11 -> 10 -> 9 -> 8 -> 7 -> 6 -> 5 -> 4 -> 3 -> 2 -> 1,48
635,0,0
636,0,0
637,0,0
638,0,0
639,0 -> 49 -> 48 -> 47 -> 46 -> 45 -> 44 -> 43 -> 42 -> 41 -> 40 -> 39 -> 38 -> 37 -> 36 -> 35 -> 34 -> 33 -> 32 -> 31 -> 30 -> 29 -> 28 -> 27 -> 26 -> 25 -> 24 -> 23 -> 22 -> 21 -> 20 -> 19 -> 18 -> 17 -> 16 -> 15 -> 14 -> 13 -> 12 -> 11 -> 10 -> 9 -> 8 -> 7 -> 6 -> 5 -> 4 -> 3 -> 2 -> 1,48
640,0,0
641,0,0
642,0,0
643,0,0
644,0 -> 49 -> 48 -> 47 -> 46 -> 45 -> 44 -> 43 -> 42 -> 41 -> 40 -> 39 -> 38 -> 37 -> 36 -> 35 -> 34 -> 33 -> 32 -> 31 -> 30 -> 29 -> 28 -> 27 -> 26 -> 25 -> 24 -> 23 -> 22 -> 21 -> 20 -> 19 -> 18 -> 17 -> 16 -> 15 -> 14 -> 13 -> 12 -> 11 -> 10 -> 9 -> 8 -> 7 -> 6 -> 5 -> 4 -> 3 -> 2 -> 1,48
645,0,0
646,0,0
647,0,0
648,0,0
649,0 -> 49 -> 48 -> 47 -> 46 -> 45 -> 44 -> 43 -> 42 -> 41 -> 40 -> 39 -> 38 -> 37 -> 36 -> 35 -> 34 -> 33 -> 32 -> 31 -> 30 -> 29 -> 28 -> 27 -> 26 -> 25 -> 24 -> 23 -> 22 -> 21 -> 20 -> 19 -> 18 -> 17 -> 16 -> 15 -> 14 -> 13 -> 12 -> 11 -> 10 -> 9 -> 8 -> 7 -> 6 -> 5 -> 4 -> 3 -> 2 -> 1,48
650,0,0
651,0,0
652,0,0
653,0,0
654,0 -> 49 -> 48 -> 47 -> 46 -> 45 -> 44 -> 43 -> 42 -> 41 -> 40 -> 39 -> 38 -> 37 -> 36 -> 35 -> 34 -> 33 -> 32 -> 31 -> 30 -> 29 -> 28 -> 27 -> 26 -> 25 -> 24 -> 23 -> 22 -> 21 -> 20 -> 19 -> 18 -> 17 -> 16 -> 15 -> 14 -> 13 -> 12 -> 11 -> 10 -> 9 -> 8 -> 7 -> 6 -> 5 -> 4 -> 3 -> 2 -> 1,48
655,0,0
656,0,0
657,0,0
658,0,0
659,0 -> 49 -> 48 -> 47 -> 46 -> 45 -> 44 -> 43 -> 42 -> 41 -> 40 -> 39 -> 38 -> 37 -> 36 -> 35 -> 34 -> 33 -> 32 -> 31 -> 30 -> 29 -> 28 -> 27 -> 26 -> 25 -> 24 -> 23 -> 22 -> 21 -> 20 -> 19 -> 18 -> 17 -> 16 -> 15 -> 14 -> 13 -> 12 -> 11 -> 10 -> 9 -> 8 -> 7 -> 6 -> 5 -> 4 -> 3 -> 2 -> 1,48
660,0,0
661,0,0
662,0,0
663,0,0
664,0 -> 49 -> 48 -> 47 -> 46 -> 45 -> 44 -> 43 -> 42 -> 41 -> 40 -> 39 -> 38 -> 37 -> 36 -> 35 -> 34 -> 33 -> 32 -> 31 -> 30 -> 29 -> 28 -> 27 -> 26 -> 25 -> 24 -> 23 -> 22 -> 21 -> 20 -> 19 -> 18 -> 17 -> 16 -> 15 -> 14 -> 13 -> 12 -> 11 -> 10 -> 9 -> 8 -> 7 -> 6 -> 5 -> 4 -> 3 -> 2 -> 1,48
665,0,0
666,0,0
667,0,0
668,0,0
669,0 -> 49 -> 48 -> 47 -> 46 -> 45 -> 44 -> 43 -> 42 -> 41 -> 40 -> 39 -> 38 -> 37 -> 36 -> 35 -> 34 -> 33 -> 32 -> 31 -> 30 -> 29 -> 28 -> 27 -> 26 -> 25 -> 24 -> 23 -> 22 -> 21 -> 20 -> 19 -> 18 -> 17 -> 16 -> 15 -> 14 -> 13 -> 12 -> 11 -> 10 -> 9 -> 8 -> 7 -> 6 -> 5 -> 4 -> 3 -> 2 -> 1,48
670,0,0
671,0,0
672,0,0
673,0,0
674,0 -> 9 -> 8 -> 7 -> 6 -> 5 -> 4 -> 3 -> 2 -> 1,8
